{
  "bootstrap_ci_95": {
    "baseline_343": {
      "hi": 0.7393075356415478,
      "lo": 0.6578411405295316,
      "mean": 0.6986678207739359
    },
    "v18_fixed_364": {
      "hi": 0.780040733197556,
      "lo": 0.7026476578411406,
      "mean": 0.7417217922607083
    },
    "v19_primary_370": {
      "hi": 0.790224032586558,
      "lo": 0.714867617107943,
      "mean": 0.7536285132382158
    },
    "v9_strict_350": {
      "hi": 0.7535641547861507,
      "lo": 0.6720977596741344,
      "mean": 0.7130936863544051
    }
  },
  "dataset_size": 491,
  "mcnemar_v19_vs_baseline": {
    "baseline_only": 1,
    "both_correct": 342,
    "neither": 120,
    "p_value_exact": 1.117587089538564e-07,
    "v19_only": 28
  },
  "p_accuracy_above_75": 0.5554,
  "paired_bootstrap_gain": {
    "ci_hi_pp": 7.739307535641547,
    "ci_lo_pp": 3.462321792260693,
    "p_gain_positive": 1.0,
    "point_gain_correct": 27,
    "point_gain_pp": 5.4989816700611
  },
  "permutation_test": {
    "log_p_random_vs_343": -220.63510176131948,
    "log_p_random_vs_370": -276.6323239682012,
    "p_random_vs_343": 1.5114465405077376e-96,
    "p_random_vs_370": 7.246164425238522e-121
  },
  "tier_totals": {
    "baseline_343": 343,
    "v18_fixed_364": 364,
    "v19_primary_370": 370,
    "v9_strict_350": 350
  },
  "wilson_ci_95": {
    "baseline_343": {
      "hi": 0.7374935833894091,
      "lo": 0.6565719115083523
    },
    "v18_fixed_364": {
      "hi": 0.7780988615109106,
      "lo": 0.7008422784417532
    },
    "v19_primary_370": {
      "hi": 0.789616168036681,
      "lo": 0.7135751562173834
    },
    "v9_strict_350": {
      "hi": 0.7510772984976487,
      "lo": 0.67128007808508
    }
  }
}