{
  "tier_totals": {
    "baseline_343": 343,
    "v19_primary_370": 370,
    "v20_strict_363": 363
  },
  "wilson_95": {
    "baseline": {
      "hi": 0.7374935833894091,
      "lo": 0.6565719115083523
    },
    "v19": {
      "hi": 0.789616168036681,
      "lo": 0.7135751562173834
    },
    "v20": {
      "hi": 0.7761754954191067,
      "lo": 0.6987239471499902
    }
  }
}